id;zip;neighborhood
1;37201;Downtown Nashville
2;37203; Wedgewood / Edgehill / Parthenon / Westend DownTown /The Gulch
3;37204;12 South / Belmont / Lipscomb / Green Hills / Oak Hill / Edgehill
4;37205;Belle Meade / West Meade / West End
5;37206; East Nashville
6;37207; North Nashville / Dickerson Pike East Nashville Area
7;37208; Germantown
8;37209;Sylvan Park / Sylvan Heights /
9;37210;South Nashville / Sterling Heights / Woodbine / Spence Lane / Briley Parkway / Nolensville Rd – 440
10;37211;South East of Brentwood / Crieve Hall / Bradford Hills / Cane Rdidge
11;37212;Music Row / Vanderbilt / Hillsboro Village / Belmont
12;37214; Donelson / Airport
13;37215;Green Hills / Forest Hills / Belle Meade
14;37216;Inglewood
15;37217;Edge O Lake / Priest Lake / North East of Antiock towards Mt Juliet
16;37218;Bordeaux
17;37219;Downtown
18;37220; Oak Hill / Crieve Hall / North Brentwood
19;37221;Bellevue
;;
;;
;;
;;
;;
;;
;;
;;
;;
;;
;;
;;
;;
;;
;;
;;
;;
